cohort_month,month_offset,cohort_size,active_users,retention_rate
2019-02-01,0,8,8,1.0
2019-02-01,49,8,1,0.125
2019-02-01,84,8,1,0.125
2019-03-01,0,7,7,1.0
2019-03-01,53,7,1,0.1429
2019-04-01,0,7,7,1.0
2019-04-01,50,7,1,0.1429
2019-04-01,86,7,1,0.1429
2019-05-01,0,15,15,1.0
2019-05-01,26,15,1,0.0667
2019-05-01,58,15,1,0.0667
2019-06-01,0,18,18,1.0
2019-06-01,1,18,1,0.0556
2019-06-01,32,18,1,0.0556
2019-06-01,37,18,1,0.0556
2019-06-01,72,18,2,0.1111
2019-07-01,0,30,30,1.0
2019-07-01,1,30,1,0.0333
2019-07-01,22,30,1,0.0333
2019-07-01,26,30,1,0.0333
2019-07-01,46,30,1,0.0333
2019-07-01,66,30,1,0.0333
2019-07-01,68,30,1,0.0333
2019-07-01,73,30,1,0.0333
2019-07-01,75,30,1,0.0333
2019-07-01,79,30,1,0.0333
2019-08-01,0,27,27,1.0
2019-08-01,1,27,1,0.037
2019-08-01,4,27,1,0.037
2019-08-01,9,27,1,0.037
2019-08-01,16,27,1,0.037
2019-08-01,20,27,1,0.037
2019-08-01,31,27,1,0.037
2019-08-01,34,27,2,0.0741
2019-08-01,35,27,1,0.037
2019-08-01,43,27,1,0.037
2019-08-01,56,27,1,0.037
2019-08-01,60,27,1,0.037
2019-08-01,63,27,1,0.037
2019-08-01,68,27,1,0.037
2019-08-01,82,27,1,0.037
2019-09-01,0,27,27,1.0
2019-09-01,39,27,1,0.037
2019-09-01,48,27,1,0.037
2019-09-01,50,27,1,0.037
2019-09-01,53,27,1,0.037
2019-09-01,62,27,1,0.037
2019-09-01,71,27,1,0.037
2019-09-01,77,27,1,0.037
2019-09-01,78,27,1,0.037
2019-09-01,80,27,1,0.037
2019-10-01,0,32,32,1.0
2019-10-01,1,32,1,0.0313
2019-10-01,10,32,1,0.0313
2019-10-01,37,32,1,0.0313
2019-10-01,48,32,1,0.0313
2019-11-01,0,45,45,1.0
2019-11-01,11,45,1,0.0222
2019-11-01,19,45,1,0.0222
2019-11-01,24,45,1,0.0222
2019-11-01,36,45,1,0.0222
2019-11-01,40,45,1,0.0222
2019-11-01,46,45,1,0.0222
2019-11-01,58,45,1,0.0222
2019-11-01,63,45,1,0.0222
2019-11-01,68,45,1,0.0222
2019-12-01,0,44,44,1.0
2019-12-01,1,44,1,0.0227
2019-12-01,7,44,1,0.0227
2019-12-01,13,44,1,0.0227
2019-12-01,15,44,1,0.0227
2019-12-01,19,44,1,0.0227
2019-12-01,23,44,1,0.0227
2019-12-01,25,44,1,0.0227
2019-12-01,45,44,1,0.0227
2019-12-01,48,44,2,0.0455
2019-12-01,54,44,1,0.0227
2020-01-01,0,50,50,1.0
2020-01-01,1,50,2,0.04
2020-01-01,4,50,1,0.02
2020-01-01,11,50,1,0.02
2020-01-01,38,50,1,0.02
2020-01-01,49,50,2,0.04
2020-01-01,50,50,1,0.02
2020-01-01,51,50,1,0.02
2020-01-01,52,50,1,0.02
2020-01-01,60,50,1,0.02
2020-01-01,67,50,1,0.02
2020-01-01,70,50,1,0.02
2020-02-01,0,49,49,1.0
2020-02-01,1,49,2,0.0408
2020-02-01,13,49,1,0.0204
2020-02-01,31,49,1,0.0204
2020-02-01,38,49,1,0.0204
2020-02-01,46,49,1,0.0204
2020-02-01,76,49,1,0.0204
2020-03-01,0,51,51,1.0
2020-03-01,31,51,1,0.0196
2020-03-01,36,51,1,0.0196
2020-03-01,45,51,1,0.0196
2020-03-01,56,51,1,0.0196
2020-03-01,58,51,1,0.0196
2020-03-01,65,51,1,0.0196
2020-03-01,69,51,1,0.0196
2020-03-01,74,51,1,0.0196
2020-03-01,75,51,1,0.0196
2020-04-01,0,59,59,1.0
2020-04-01,1,59,3,0.0508
2020-04-01,20,59,1,0.0169
2020-04-01,25,59,1,0.0169
2020-04-01,27,59,1,0.0169
2020-04-01,32,59,1,0.0169
2020-04-01,42,59,1,0.0169
2020-04-01,52,59,1,0.0169
2020-04-01,53,59,1,0.0169
2020-04-01,56,59,1,0.0169
2020-04-01,60,59,1,0.0169
2020-04-01,71,59,1,0.0169
2020-04-01,73,59,1,0.0169
2020-05-01,0,55,55,1.0
2020-05-01,1,55,2,0.0364
2020-05-01,2,55,1,0.0182
2020-05-01,18,55,1,0.0182
2020-05-01,21,55,2,0.0364
2020-05-01,22,55,1,0.0182
2020-05-01,33,55,1,0.0182
2020-05-01,40,55,1,0.0182
2020-05-01,44,55,1,0.0182
2020-05-01,45,55,1,0.0182
2020-05-01,58,55,1,0.0182
2020-05-01,65,55,1,0.0182
2020-05-01,66,55,1,0.0182
2020-05-01,68,55,1,0.0182
2020-06-01,0,73,73,1.0
2020-06-01,1,73,2,0.0274
2020-06-01,3,73,1,0.0137
2020-06-01,7,73,1,0.0137
2020-06-01,8,73,1,0.0137
2020-06-01,9,73,1,0.0137
2020-06-01,17,73,1,0.0137
2020-06-01,20,73,1,0.0137
2020-06-01,27,73,1,0.0137
2020-06-01,29,73,1,0.0137
2020-06-01,31,73,1,0.0137
2020-06-01,33,73,1,0.0137
2020-06-01,43,73,1,0.0137
2020-06-01,47,73,1,0.0137
2020-06-01,48,73,1,0.0137
2020-06-01,53,73,1,0.0137
2020-06-01,59,73,1,0.0137
2020-06-01,67,73,1,0.0137
2020-06-01,70,73,1,0.0137
2020-07-01,0,71,71,1.0
2020-07-01,1,71,1,0.0141
2020-07-01,7,71,1,0.0141
2020-07-01,9,71,1,0.0141
2020-07-01,11,71,2,0.0282
2020-07-01,15,71,1,0.0141
2020-07-01,17,71,1,0.0141
2020-07-01,20,71,2,0.0282
2020-07-01,27,71,1,0.0141
2020-07-01,29,71,1,0.0141
2020-07-01,47,71,1,0.0141
2020-07-01,58,71,1,0.0141
2020-07-01,59,71,1,0.0141
2020-07-01,61,71,1,0.0141
2020-07-01,63,71,1,0.0141
2020-07-01,64,71,1,0.0141
2020-07-01,65,71,1,0.0141
2020-07-01,66,71,1,0.0141
2020-07-01,70,71,1,0.0141
2020-07-01,72,71,1,0.0141
2020-08-01,0,77,77,1.0
2020-08-01,1,77,1,0.013
2020-08-01,2,77,1,0.013
2020-08-01,4,77,2,0.026
2020-08-01,18,77,1,0.013
2020-08-01,19,77,2,0.026
2020-08-01,20,77,1,0.013
2020-08-01,34,77,1,0.013
2020-08-01,35,77,1,0.013
2020-08-01,40,77,1,0.013
2020-08-01,50,77,1,0.013
2020-08-01,51,77,1,0.013
2020-08-01,57,77,1,0.013
2020-08-01,61,77,1,0.013
2020-08-01,62,77,1,0.013
2020-08-01,67,77,1,0.013
2020-08-01,69,77,1,0.013
2020-09-01,0,79,79,1.0
2020-09-01,1,79,1,0.0127
2020-09-01,4,79,2,0.0253
2020-09-01,5,79,1,0.0127
2020-09-01,6,79,1,0.0127
2020-09-01,8,79,1,0.0127
2020-09-01,20,79,1,0.0127
2020-09-01,22,79,2,0.0253
2020-09-01,24,79,1,0.0127
2020-09-01,33,79,1,0.0127
2020-09-01,38,79,1,0.0127
2020-09-01,41,79,1,0.0127
2020-09-01,42,79,1,0.0127
2020-09-01,48,79,2,0.0253
2020-09-01,71,79,1,0.0127
2020-10-01,0,88,88,1.0
2020-10-01,1,88,3,0.0341
2020-10-01,2,88,1,0.0114
2020-10-01,4,88,1,0.0114
2020-10-01,16,88,1,0.0114
2020-10-01,20,88,1,0.0114
2020-10-01,21,88,1,0.0114
2020-10-01,22,88,1,0.0114
2020-10-01,23,88,1,0.0114
2020-10-01,26,88,1,0.0114
2020-10-01,30,88,1,0.0114
2020-10-01,31,88,1,0.0114
2020-10-01,34,88,1,0.0114
2020-10-01,37,88,1,0.0114
2020-10-01,38,88,1,0.0114
2020-10-01,49,88,1,0.0114
2020-10-01,51,88,1,0.0114
2020-10-01,52,88,1,0.0114
2020-10-01,55,88,1,0.0114
2020-10-01,56,88,1,0.0114
2020-10-01,66,88,2,0.0227
2020-10-01,68,88,1,0.0114
2020-11-01,0,84,84,1.0
2020-11-01,1,84,3,0.0357
2020-11-01,2,84,1,0.0119
2020-11-01,13,84,1,0.0119
2020-11-01,18,84,2,0.0238
2020-11-01,37,84,1,0.0119
2020-11-01,39,84,1,0.0119
2020-11-01,40,84,1,0.0119
2020-11-01,53,84,1,0.0119
2020-11-01,56,84,2,0.0238
2020-11-01,58,84,1,0.0119
2020-11-01,60,84,1,0.0119
2020-11-01,67,84,1,0.0119
2020-12-01,0,96,96,1.0
2020-12-01,1,96,4,0.0417
2020-12-01,5,96,1,0.0104
2020-12-01,7,96,1,0.0104
2020-12-01,12,96,2,0.0208
2020-12-01,13,96,2,0.0208
2020-12-01,17,96,1,0.0104
2020-12-01,19,96,2,0.0208
2020-12-01,22,96,1,0.0104
2020-12-01,23,96,1,0.0104
2020-12-01,26,96,2,0.0208
2020-12-01,27,96,1,0.0104
2020-12-01,31,96,1,0.0104
2020-12-01,34,96,1,0.0104
2020-12-01,39,96,1,0.0104
2020-12-01,42,96,1,0.0104
2020-12-01,44,96,1,0.0104
2020-12-01,48,96,1,0.0104
2020-12-01,49,96,1,0.0104
2020-12-01,50,96,1,0.0104
2020-12-01,52,96,1,0.0104
2020-12-01,53,96,1,0.0104
2020-12-01,54,96,1,0.0104
2020-12-01,60,96,1,0.0104
2020-12-01,61,96,1,0.0104
2020-12-01,65,96,1,0.0104
2020-12-01,68,96,1,0.0104
2021-01-01,0,98,98,1.0
2021-01-01,1,98,3,0.0306
2021-01-01,5,98,1,0.0102
2021-01-01,6,98,2,0.0204
2021-01-01,9,98,1,0.0102
2021-01-01,28,98,1,0.0102
2021-01-01,33,98,1,0.0102
2021-01-01,38,98,1,0.0102
2021-01-01,39,98,1,0.0102
2021-01-01,44,98,1,0.0102
2021-01-01,46,98,1,0.0102
2021-01-01,55,98,2,0.0204
2021-01-01,58,98,1,0.0102
2021-01-01,65,98,1,0.0102
2021-01-01,67,98,1,0.0102
2021-02-01,0,85,85,1.0
2021-02-01,3,85,1,0.0118
2021-02-01,5,85,1,0.0118
2021-02-01,6,85,1,0.0118
2021-02-01,10,85,1,0.0118
2021-02-01,13,85,2,0.0235
2021-02-01,21,85,1,0.0118
2021-02-01,27,85,1,0.0118
2021-02-01,28,85,1,0.0118
2021-02-01,33,85,1,0.0118
2021-02-01,35,85,1,0.0118
2021-02-01,38,85,1,0.0118
2021-02-01,39,85,1,0.0118
2021-02-01,43,85,1,0.0118
2021-02-01,46,85,1,0.0118
2021-02-01,47,85,1,0.0118
2021-02-01,51,85,1,0.0118
2021-02-01,57,85,1,0.0118
2021-02-01,64,85,1,0.0118
2021-02-01,65,85,1,0.0118
2021-03-01,0,100,100,1.0
2021-03-01,1,100,2,0.02
2021-03-01,2,100,1,0.01
2021-03-01,9,100,1,0.01
2021-03-01,17,100,1,0.01
2021-03-01,20,100,1,0.01
2021-03-01,23,100,2,0.02
2021-03-01,24,100,1,0.01
2021-03-01,26,100,2,0.02
2021-03-01,32,100,1,0.01
2021-03-01,35,100,1,0.01
2021-03-01,37,100,1,0.01
2021-03-01,38,100,1,0.01
2021-03-01,40,100,2,0.02
2021-03-01,42,100,2,0.02
2021-03-01,49,100,1,0.01
2021-03-01,51,100,2,0.02
2021-03-01,57,100,1,0.01
2021-03-01,58,100,1,0.01
2021-03-01,59,100,1,0.01
2021-03-01,60,100,1,0.01
2021-03-01,63,100,1,0.01
2021-04-01,0,106,106,1.0
2021-04-01,1,106,3,0.0283
2021-04-01,13,106,1,0.0094
2021-04-01,15,106,1,0.0094
2021-04-01,20,106,1,0.0094
2021-04-01,22,106,1,0.0094
2021-04-01,26,106,1,0.0094
2021-04-01,27,106,2,0.0189
2021-04-01,30,106,1,0.0094
2021-04-01,35,106,1,0.0094
2021-04-01,37,106,2,0.0189
2021-04-01,38,106,1,0.0094
2021-04-01,41,106,1,0.0094
2021-04-01,47,106,2,0.0189
2021-04-01,48,106,1,0.0094
2021-04-01,53,106,1,0.0094
2021-04-01,54,106,1,0.0094
2021-04-01,58,106,3,0.0283
2021-04-01,59,106,1,0.0094
2021-04-01,63,106,1,0.0094
2021-05-01,0,105,105,1.0
2021-05-01,1,105,3,0.0286
2021-05-01,9,105,2,0.019
2021-05-01,17,105,1,0.0095
2021-05-01,18,105,1,0.0095
2021-05-01,21,105,1,0.0095
2021-05-01,26,105,1,0.0095
2021-05-01,27,105,2,0.019
2021-05-01,30,105,1,0.0095
2021-05-01,31,105,1,0.0095
2021-05-01,32,105,1,0.0095
2021-05-01,37,105,1,0.0095
2021-05-01,38,105,3,0.0286
2021-05-01,43,105,2,0.019
2021-05-01,44,105,2,0.019
2021-05-01,46,105,1,0.0095
2021-05-01,52,105,1,0.0095
2021-05-01,55,105,1,0.0095
2021-05-01,56,105,1,0.0095
2021-05-01,63,105,1,0.0095
2021-06-01,0,103,103,1.0
2021-06-01,1,103,5,0.0485
2021-06-01,8,103,2,0.0194
2021-06-01,9,103,2,0.0194
2021-06-01,13,103,1,0.0097
2021-06-01,14,103,1,0.0097
2021-06-01,15,103,1,0.0097
2021-06-01,16,103,1,0.0097
2021-06-01,17,103,1,0.0097
2021-06-01,18,103,2,0.0194
2021-06-01,21,103,1,0.0097
2021-06-01,28,103,1,0.0097
2021-06-01,32,103,1,0.0097
2021-06-01,35,103,1,0.0097
2021-06-01,42,103,1,0.0097
2021-06-01,46,103,1,0.0097
2021-06-01,49,103,1,0.0097
2021-06-01,57,103,1,0.0097
2021-06-01,61,103,1,0.0097
2021-07-01,0,118,118,1.0
2021-07-01,1,118,5,0.0424
2021-07-01,13,118,1,0.0085
2021-07-01,15,118,1,0.0085
2021-07-01,16,118,3,0.0254
2021-07-01,17,118,1,0.0085
2021-07-01,25,118,1,0.0085
2021-07-01,27,118,1,0.0085
2021-07-01,28,118,1,0.0085
2021-07-01,29,118,1,0.0085
2021-07-01,36,118,1,0.0085
2021-07-01,42,118,1,0.0085
2021-07-01,43,118,1,0.0085
2021-07-01,44,118,1,0.0085
2021-07-01,47,118,1,0.0085
2021-07-01,48,118,1,0.0085
2021-07-01,49,118,3,0.0254
2021-07-01,50,118,1,0.0085
2021-08-01,0,134,134,1.0
2021-08-01,1,134,4,0.0299
2021-08-01,2,134,1,0.0075
2021-08-01,8,134,1,0.0075
2021-08-01,10,134,1,0.0075
2021-08-01,12,134,1,0.0075
2021-08-01,18,134,2,0.0149
2021-08-01,19,134,1,0.0075
2021-08-01,22,134,1,0.0075
2021-08-01,26,134,1,0.0075
2021-08-01,27,134,1,0.0075
2021-08-01,30,134,1,0.0075
2021-08-01,33,134,1,0.0075
2021-08-01,36,134,1,0.0075
2021-08-01,37,134,1,0.0075
2021-08-01,40,134,1,0.0075
2021-08-01,44,134,1,0.0075
2021-08-01,45,134,2,0.0149
2021-08-01,49,134,1,0.0075
2021-08-01,52,134,1,0.0075
2021-08-01,53,134,1,0.0075
2021-08-01,54,134,1,0.0075
2021-08-01,55,134,1,0.0075
2021-08-01,58,134,2,0.0149
2021-08-01,60,134,1,0.0075
2021-09-01,0,139,139,1.0
2021-09-01,1,139,3,0.0216
2021-09-01,3,139,2,0.0144
2021-09-01,7,139,1,0.0072
2021-09-01,15,139,1,0.0072
2021-09-01,16,139,1,0.0072
2021-09-01,18,139,1,0.0072
2021-09-01,21,139,1,0.0072
2021-09-01,23,139,1,0.0072
2021-09-01,27,139,1,0.0072
2021-09-01,28,139,1,0.0072
2021-09-01,29,139,1,0.0072
2021-09-01,32,139,1,0.0072
2021-09-01,34,139,1,0.0072
2021-09-01,37,139,1,0.0072
2021-09-01,42,139,2,0.0144
2021-09-01,44,139,1,0.0072
2021-09-01,49,139,1,0.0072
2021-09-01,52,139,1,0.0072
2021-09-01,53,139,2,0.0144
2021-09-01,55,139,1,0.0072
2021-09-01,56,139,1,0.0072
2021-09-01,57,139,1,0.0072
2021-09-01,59,139,2,0.0144
2021-10-01,0,145,145,1.0
2021-10-01,1,145,2,0.0138
2021-10-01,6,145,1,0.0069
2021-10-01,7,145,1,0.0069
2021-10-01,12,145,1,0.0069
2021-10-01,15,145,2,0.0138
2021-10-01,18,145,1,0.0069
2021-10-01,19,145,1,0.0069
2021-10-01,23,145,2,0.0138
2021-10-01,24,145,2,0.0138
2021-10-01,25,145,1,0.0069
2021-10-01,27,145,1,0.0069
2021-10-01,33,145,2,0.0138
2021-10-01,34,145,1,0.0069
2021-10-01,35,145,1,0.0069
2021-10-01,38,145,2,0.0138
2021-10-01,39,145,1,0.0069
2021-10-01,40,145,2,0.0138
2021-10-01,41,145,1,0.0069
2021-10-01,43,145,1,0.0069
2021-10-01,44,145,1,0.0069
2021-10-01,46,145,1,0.0069
2021-10-01,47,145,1,0.0069
2021-10-01,48,145,1,0.0069
2021-10-01,49,145,1,0.0069
2021-10-01,50,145,1,0.0069
2021-10-01,51,145,1,0.0069
2021-10-01,55,145,2,0.0138
2021-10-01,57,145,1,0.0069
2021-11-01,0,129,129,1.0
2021-11-01,1,129,6,0.0465
2021-11-01,3,129,1,0.0078
2021-11-01,5,129,1,0.0078
2021-11-01,6,129,1,0.0078
2021-11-01,9,129,1,0.0078
2021-11-01,11,129,1,0.0078
2021-11-01,13,129,2,0.0155
2021-11-01,14,129,1,0.0078
2021-11-01,17,129,1,0.0078
2021-11-01,20,129,1,0.0078
2021-11-01,21,129,1,0.0078
2021-11-01,23,129,1,0.0078
2021-11-01,25,129,1,0.0078
2021-11-01,27,129,1,0.0078
2021-11-01,33,129,2,0.0155
2021-11-01,34,129,1,0.0078
2021-11-01,36,129,3,0.0233
2021-11-01,38,129,1,0.0078
2021-11-01,42,129,1,0.0078
2021-11-01,44,129,1,0.0078
2021-11-01,45,129,1,0.0078
2021-11-01,46,129,1,0.0078
2021-11-01,49,129,1,0.0078
2021-11-01,53,129,1,0.0078
2021-11-01,57,129,1,0.0078
2021-12-01,0,143,143,1.0
2021-12-01,1,143,2,0.014
2021-12-01,3,143,1,0.007
2021-12-01,4,143,1,0.007
2021-12-01,5,143,1,0.007
2021-12-01,7,143,1,0.007
2021-12-01,15,143,2,0.014
2021-12-01,18,143,1,0.007
2021-12-01,19,143,1,0.007
2021-12-01,23,143,3,0.021
2021-12-01,24,143,4,0.028
2021-12-01,26,143,1,0.007
2021-12-01,27,143,2,0.014
2021-12-01,29,143,1,0.007
2021-12-01,30,143,1,0.007
2021-12-01,32,143,2,0.014
2021-12-01,38,143,1,0.007
2021-12-01,45,143,2,0.014
2021-12-01,47,143,1,0.007
2021-12-01,48,143,1,0.007
2021-12-01,51,143,2,0.014
2021-12-01,55,143,2,0.014
2021-12-01,56,143,1,0.007
2022-01-01,0,142,142,1.0
2022-01-01,1,142,7,0.0493
2022-01-01,2,142,2,0.0141
2022-01-01,5,142,2,0.0141
2022-01-01,10,142,1,0.007
2022-01-01,12,142,1,0.007
2022-01-01,13,142,1,0.007
2022-01-01,15,142,1,0.007
2022-01-01,18,142,3,0.0211
2022-01-01,21,142,1,0.007
2022-01-01,23,142,1,0.007
2022-01-01,24,142,1,0.007
2022-01-01,26,142,1,0.007
2022-01-01,27,142,1,0.007
2022-01-01,28,142,1,0.007
2022-01-01,29,142,1,0.007
2022-01-01,30,142,1,0.007
2022-01-01,36,142,1,0.007
2022-01-01,41,142,1,0.007
2022-01-01,42,142,1,0.007
2022-01-01,43,142,1,0.007
2022-01-01,45,142,1,0.007
2022-01-01,46,142,1,0.007
2022-01-01,49,142,1,0.007
2022-01-01,50,142,1,0.007
2022-01-01,55,142,1,0.007
2022-02-01,0,140,140,1.0
2022-02-01,1,140,5,0.0357
2022-02-01,6,140,1,0.0071
2022-02-01,7,140,1,0.0071
2022-02-01,9,140,2,0.0143
2022-02-01,10,140,1,0.0071
2022-02-01,13,140,2,0.0143
2022-02-01,14,140,3,0.0214
2022-02-01,17,140,1,0.0071
2022-02-01,18,140,1,0.0071
2022-02-01,22,140,1,0.0071
2022-02-01,24,140,1,0.0071
2022-02-01,26,140,2,0.0143
2022-02-01,29,140,1,0.0071
2022-02-01,31,140,1,0.0071
2022-02-01,34,140,1,0.0071
2022-02-01,38,140,1,0.0071
2022-02-01,39,140,1,0.0071
2022-02-01,40,140,1,0.0071
2022-02-01,41,140,1,0.0071
2022-02-01,43,140,1,0.0071
2022-02-01,48,140,3,0.0214
2022-02-01,50,140,2,0.0143
2022-02-01,51,140,1,0.0071
2022-02-01,54,140,1,0.0071
2022-03-01,0,181,181,1.0
2022-03-01,1,181,3,0.0166
2022-03-01,2,181,3,0.0166
2022-03-01,4,181,1,0.0055
2022-03-01,6,181,1,0.0055
2022-03-01,7,181,1,0.0055
2022-03-01,10,181,2,0.011
2022-03-01,13,181,1,0.0055
2022-03-01,14,181,1,0.0055
2022-03-01,19,181,1,0.0055
2022-03-01,22,181,1,0.0055
2022-03-01,24,181,1,0.0055
2022-03-01,25,181,1,0.0055
2022-03-01,26,181,3,0.0166
2022-03-01,27,181,1,0.0055
2022-03-01,31,181,1,0.0055
2022-03-01,33,181,1,0.0055
2022-03-01,35,181,1,0.0055
2022-03-01,37,181,2,0.011
2022-03-01,40,181,1,0.0055
2022-03-01,41,181,1,0.0055
2022-03-01,46,181,1,0.0055
2022-03-01,47,181,1,0.0055
2022-03-01,48,181,2,0.011
2022-03-01,49,181,2,0.011
2022-03-01,50,181,1,0.0055
2022-03-01,53,181,2,0.011
2022-04-01,0,174,174,1.0
2022-04-01,1,174,4,0.023
2022-04-01,4,174,1,0.0057
2022-04-01,6,174,1,0.0057
2022-04-01,9,174,2,0.0115
2022-04-01,11,174,2,0.0115
2022-04-01,12,174,1,0.0057
2022-04-01,14,174,1,0.0057
2022-04-01,17,174,1,0.0057
2022-04-01,19,174,1,0.0057
2022-04-01,20,174,4,0.023
2022-04-01,23,174,1,0.0057
2022-04-01,25,174,1,0.0057
2022-04-01,27,174,3,0.0172
2022-04-01,30,174,1,0.0057
2022-04-01,32,174,3,0.0172
2022-04-01,34,174,1,0.0057
2022-04-01,36,174,1,0.0057
2022-04-01,37,174,4,0.023
2022-04-01,39,174,1,0.0057
2022-04-01,40,174,2,0.0115
2022-04-01,41,174,2,0.0115
2022-04-01,42,174,2,0.0115
2022-04-01,45,174,2,0.0115
2022-04-01,47,174,1,0.0057
2022-04-01,48,174,3,0.0172
2022-04-01,49,174,1,0.0057
2022-04-01,51,174,1,0.0057
2022-04-01,52,174,2,0.0115
2022-05-01,0,152,152,1.0
2022-05-01,1,152,4,0.0263
2022-05-01,5,152,1,0.0066
2022-05-01,6,152,1,0.0066
2022-05-01,9,152,1,0.0066
2022-05-01,12,152,1,0.0066
2022-05-01,13,152,2,0.0132
2022-05-01,14,152,1,0.0066
2022-05-01,19,152,2,0.0132
2022-05-01,20,152,1,0.0066
2022-05-01,25,152,1,0.0066
2022-05-01,26,152,3,0.0197
2022-05-01,27,152,1,0.0066
2022-05-01,28,152,2,0.0132
2022-05-01,29,152,1,0.0066
2022-05-01,30,152,1,0.0066
2022-05-01,32,152,2,0.0132
2022-05-01,36,152,1,0.0066
2022-05-01,37,152,2,0.0132
2022-05-01,39,152,2,0.0132
2022-05-01,42,152,1,0.0066
2022-05-01,44,152,2,0.0132
2022-05-01,45,152,2,0.0132
2022-05-01,46,152,3,0.0197
2022-06-01,0,190,190,1.0
2022-06-01,1,190,3,0.0158
2022-06-01,2,190,1,0.0053
2022-06-01,4,190,2,0.0105
2022-06-01,10,190,1,0.0053
2022-06-01,12,190,1,0.0053
2022-06-01,14,190,1,0.0053
2022-06-01,17,190,3,0.0158
2022-06-01,18,190,2,0.0105
2022-06-01,19,190,2,0.0105
2022-06-01,21,190,1,0.0053
2022-06-01,24,190,3,0.0158
2022-06-01,26,190,1,0.0053
2022-06-01,28,190,1,0.0053
2022-06-01,29,190,2,0.0105
2022-06-01,30,190,2,0.0105
2022-06-01,31,190,5,0.0263
2022-06-01,32,190,1,0.0053
2022-06-01,33,190,1,0.0053
2022-06-01,34,190,1,0.0053
2022-06-01,36,190,3,0.0158
2022-06-01,38,190,1,0.0053
2022-06-01,39,190,1,0.0053
2022-06-01,40,190,1,0.0053
2022-06-01,45,190,3,0.0158
2022-06-01,47,190,1,0.0053
2022-06-01,49,190,1,0.0053
2022-06-01,50,190,1,0.0053
2022-07-01,0,189,189,1.0
2022-07-01,1,189,5,0.0265
2022-07-01,7,189,1,0.0053
2022-07-01,10,189,1,0.0053
2022-07-01,14,189,1,0.0053
2022-07-01,15,189,1,0.0053
2022-07-01,17,189,1,0.0053
2022-07-01,19,189,1,0.0053
2022-07-01,21,189,2,0.0106
2022-07-01,24,189,2,0.0106
2022-07-01,25,189,2,0.0106
2022-07-01,26,189,2,0.0106
2022-07-01,27,189,1,0.0053
2022-07-01,28,189,1,0.0053
2022-07-01,31,189,1,0.0053
2022-07-01,32,189,1,0.0053
2022-07-01,34,189,1,0.0053
2022-07-01,36,189,1,0.0053
2022-07-01,38,189,1,0.0053
2022-07-01,39,189,1,0.0053
2022-07-01,41,189,1,0.0053
2022-07-01,42,189,1,0.0053
2022-07-01,43,189,1,0.0053
2022-07-01,49,189,2,0.0106
2022-08-01,0,205,205,1.0
2022-08-01,1,205,6,0.0293
2022-08-01,2,205,1,0.0049
2022-08-01,5,205,1,0.0049
2022-08-01,6,205,1,0.0049
2022-08-01,9,205,3,0.0146
2022-08-01,10,205,1,0.0049
2022-08-01,14,205,1,0.0049
2022-08-01,15,205,1,0.0049
2022-08-01,20,205,3,0.0146
2022-08-01,22,205,1,0.0049
2022-08-01,24,205,2,0.0098
2022-08-01,25,205,1,0.0049
2022-08-01,27,205,2,0.0098
2022-08-01,31,205,2,0.0098
2022-08-01,32,205,1,0.0049
2022-08-01,33,205,1,0.0049
2022-08-01,34,205,1,0.0049
2022-08-01,35,205,2,0.0098
2022-08-01,36,205,3,0.0146
2022-08-01,39,205,1,0.0049
2022-08-01,40,205,2,0.0098
2022-08-01,42,205,1,0.0049
2022-08-01,43,205,2,0.0098
2022-08-01,44,205,1,0.0049
2022-08-01,47,205,1,0.0049
2022-08-01,48,205,1,0.0049
2022-09-01,0,191,191,1.0
2022-09-01,1,191,5,0.0262
2022-09-01,2,191,1,0.0052
2022-09-01,3,191,2,0.0105
2022-09-01,4,191,3,0.0157
2022-09-01,5,191,2,0.0105
2022-09-01,7,191,2,0.0105
2022-09-01,8,191,2,0.0105
2022-09-01,11,191,1,0.0052
2022-09-01,13,191,1,0.0052
2022-09-01,14,191,1,0.0052
2022-09-01,22,191,1,0.0052
2022-09-01,24,191,1,0.0052
2022-09-01,25,191,1,0.0052
2022-09-01,27,191,2,0.0105
2022-09-01,30,191,2,0.0105
2022-09-01,31,191,1,0.0052
2022-09-01,34,191,1,0.0052
2022-09-01,36,191,3,0.0157
2022-09-01,37,191,1,0.0052
2022-09-01,38,191,1,0.0052
2022-09-01,40,191,1,0.0052
2022-09-01,43,191,2,0.0105
2022-09-01,45,191,2,0.0105
2022-09-01,46,191,1,0.0052
2022-10-01,0,219,219,1.0
2022-10-01,1,219,4,0.0183
2022-10-01,3,219,1,0.0046
2022-10-01,4,219,2,0.0091
2022-10-01,7,219,4,0.0183
2022-10-01,8,219,1,0.0046
2022-10-01,10,219,4,0.0183
2022-10-01,11,219,1,0.0046
2022-10-01,15,219,1,0.0046
2022-10-01,16,219,1,0.0046
2022-10-01,17,219,2,0.0091
2022-10-01,18,219,2,0.0091
2022-10-01,19,219,2,0.0091
2022-10-01,20,219,4,0.0183
2022-10-01,21,219,4,0.0183
2022-10-01,22,219,2,0.0091
2022-10-01,23,219,1,0.0046
2022-10-01,26,219,1,0.0046
2022-10-01,27,219,1,0.0046
2022-10-01,28,219,2,0.0091
2022-10-01,32,219,1,0.0046
2022-10-01,34,219,1,0.0046
2022-10-01,35,219,3,0.0137
2022-10-01,36,219,1,0.0046
2022-10-01,37,219,3,0.0137
2022-10-01,41,219,2,0.0091
2022-10-01,42,219,1,0.0046
2022-10-01,43,219,1,0.0046
2022-11-01,0,210,210,1.0
2022-11-01,1,210,7,0.0333
2022-11-01,2,210,1,0.0048
2022-11-01,3,210,1,0.0048
2022-11-01,4,210,1,0.0048
2022-11-01,5,210,1,0.0048
2022-11-01,6,210,1,0.0048
2022-11-01,7,210,2,0.0095
2022-11-01,9,210,1,0.0048
2022-11-01,10,210,2,0.0095
2022-11-01,11,210,1,0.0048
2022-11-01,15,210,2,0.0095
2022-11-01,16,210,2,0.0095
2022-11-01,17,210,2,0.0095
2022-11-01,21,210,1,0.0048
2022-11-01,22,210,1,0.0048
2022-11-01,24,210,1,0.0048
2022-11-01,26,210,1,0.0048
2022-11-01,29,210,1,0.0048
2022-11-01,32,210,1,0.0048
2022-11-01,33,210,1,0.0048
2022-11-01,34,210,2,0.0095
2022-11-01,35,210,1,0.0048
2022-11-01,36,210,2,0.0095
2022-11-01,39,210,1,0.0048
2022-11-01,40,210,3,0.0143
2022-11-01,42,210,1,0.0048
2022-11-01,43,210,2,0.0095
2022-11-01,44,210,2,0.0095
2022-12-01,0,197,197,1.0
2022-12-01,1,197,7,0.0355
2022-12-01,2,197,1,0.0051
2022-12-01,5,197,2,0.0102
2022-12-01,6,197,1,0.0051
2022-12-01,8,197,1,0.0051
2022-12-01,10,197,1,0.0051
2022-12-01,12,197,3,0.0152
2022-12-01,15,197,1,0.0051
2022-12-01,16,197,1,0.0051
2022-12-01,19,197,2,0.0102
2022-12-01,20,197,2,0.0102
2022-12-01,22,197,2,0.0102
2022-12-01,28,197,2,0.0102
2022-12-01,29,197,2,0.0102
2022-12-01,30,197,1,0.0051
2022-12-01,32,197,1,0.0051
2022-12-01,35,197,1,0.0051
2022-12-01,37,197,1,0.0051
2022-12-01,38,197,2,0.0102
2022-12-01,39,197,3,0.0152
2022-12-01,40,197,3,0.0152
2022-12-01,41,197,1,0.0051
2022-12-01,43,197,3,0.0152
2022-12-01,44,197,1,0.0051
2023-01-01,0,216,216,1.0
2023-01-01,1,216,3,0.0139
2023-01-01,2,216,2,0.0093
2023-01-01,4,216,1,0.0046
2023-01-01,7,216,1,0.0046
2023-01-01,8,216,3,0.0139
2023-01-01,9,216,3,0.0139
2023-01-01,10,216,1,0.0046
2023-01-01,12,216,2,0.0093
2023-01-01,14,216,1,0.0046
2023-01-01,16,216,1,0.0046
2023-01-01,17,216,2,0.0093
2023-01-01,18,216,2,0.0093
2023-01-01,19,216,1,0.0046
2023-01-01,20,216,2,0.0093
2023-01-01,22,216,3,0.0139
2023-01-01,23,216,3,0.0139
2023-01-01,25,216,1,0.0046
2023-01-01,26,216,2,0.0093
2023-01-01,27,216,2,0.0093
2023-01-01,28,216,1,0.0046
2023-01-01,31,216,1,0.0046
2023-01-01,32,216,3,0.0139
2023-01-01,33,216,1,0.0046
2023-01-01,36,216,2,0.0093
2023-01-01,37,216,1,0.0046
2023-01-01,42,216,4,0.0185
2023-01-01,43,216,1,0.0046
2023-02-01,0,227,227,1.0
2023-02-01,1,227,5,0.022
2023-02-01,2,227,1,0.0044
2023-02-01,3,227,1,0.0044
2023-02-01,6,227,2,0.0088
2023-02-01,7,227,2,0.0088
2023-02-01,8,227,1,0.0044
2023-02-01,9,227,2,0.0088
2023-02-01,10,227,1,0.0044
2023-02-01,11,227,1,0.0044
2023-02-01,12,227,2,0.0088
2023-02-01,14,227,1,0.0044
2023-02-01,15,227,3,0.0132
2023-02-01,16,227,1,0.0044
2023-02-01,17,227,3,0.0132
2023-02-01,18,227,2,0.0088
2023-02-01,19,227,1,0.0044
2023-02-01,21,227,2,0.0088
2023-02-01,23,227,1,0.0044
2023-02-01,26,227,1,0.0044
2023-02-01,27,227,1,0.0044
2023-02-01,28,227,1,0.0044
2023-02-01,30,227,3,0.0132
2023-02-01,31,227,1,0.0044
2023-02-01,32,227,3,0.0132
2023-02-01,34,227,2,0.0088
2023-02-01,35,227,1,0.0044
2023-02-01,37,227,2,0.0088
2023-02-01,38,227,1,0.0044
2023-02-01,39,227,2,0.0088
2023-02-01,40,227,1,0.0044
2023-02-01,42,227,1,0.0044
2023-03-01,0,250,250,1.0
2023-03-01,1,250,5,0.02
2023-03-01,2,250,1,0.004
2023-03-01,3,250,1,0.004
2023-03-01,4,250,4,0.016
2023-03-01,7,250,2,0.008
2023-03-01,8,250,1,0.004
2023-03-01,13,250,1,0.004
2023-03-01,14,250,1,0.004
2023-03-01,16,250,3,0.012
2023-03-01,18,250,1,0.004
2023-03-01,21,250,4,0.016
2023-03-01,22,250,1,0.004
2023-03-01,23,250,2,0.008
2023-03-01,24,250,3,0.012
2023-03-01,25,250,1,0.004
2023-03-01,26,250,1,0.004
2023-03-01,27,250,1,0.004
2023-03-01,29,250,1,0.004
2023-03-01,30,250,1,0.004
2023-03-01,31,250,1,0.004
2023-03-01,33,250,1,0.004
2023-03-01,34,250,2,0.008
2023-03-01,38,250,1,0.004
2023-03-01,39,250,2,0.008
2023-03-01,41,250,3,0.012
2023-04-01,0,259,259,1.0
2023-04-01,1,259,7,0.027
2023-04-01,2,259,4,0.0154
2023-04-01,4,259,1,0.0039
2023-04-01,5,259,2,0.0077
2023-04-01,9,259,2,0.0077
2023-04-01,12,259,1,0.0039
2023-04-01,14,259,4,0.0154
2023-04-01,15,259,2,0.0077
2023-04-01,16,259,1,0.0039
2023-04-01,17,259,2,0.0077
2023-04-01,18,259,1,0.0039
2023-04-01,21,259,2,0.0077
2023-04-01,25,259,5,0.0193
2023-04-01,27,259,2,0.0077
2023-04-01,28,259,3,0.0116
2023-04-01,30,259,1,0.0039
2023-04-01,31,259,1,0.0039
2023-04-01,33,259,2,0.0077
2023-04-01,37,259,5,0.0193
2023-04-01,38,259,2,0.0077
2023-04-01,39,259,1,0.0039
2023-04-01,40,259,1,0.0039
2023-05-01,0,272,272,1.0
2023-05-01,1,272,6,0.0221
2023-05-01,3,272,2,0.0074
2023-05-01,4,272,2,0.0074
2023-05-01,5,272,2,0.0074
2023-05-01,6,272,2,0.0074
2023-05-01,7,272,4,0.0147
2023-05-01,9,272,1,0.0037
2023-05-01,10,272,2,0.0074
2023-05-01,11,272,1,0.0037
2023-05-01,12,272,1,0.0037
2023-05-01,13,272,4,0.0147
2023-05-01,15,272,3,0.011
2023-05-01,16,272,3,0.011
2023-05-01,17,272,1,0.0037
2023-05-01,21,272,3,0.011
2023-05-01,22,272,1,0.0037
2023-05-01,24,272,2,0.0074
2023-05-01,25,272,3,0.011
2023-05-01,27,272,1,0.0037
2023-05-01,30,272,1,0.0037
2023-05-01,33,272,1,0.0037
2023-05-01,34,272,1,0.0037
2023-05-01,35,272,2,0.0074
2023-05-01,36,272,2,0.0074
2023-05-01,37,272,2,0.0074
2023-05-01,38,272,2,0.0074
2023-06-01,0,255,255,1.0
2023-06-01,1,255,7,0.0275
2023-06-01,2,255,1,0.0039
2023-06-01,3,255,1,0.0039
2023-06-01,4,255,2,0.0078
2023-06-01,5,255,2,0.0078
2023-06-01,6,255,2,0.0078
2023-06-01,8,255,2,0.0078
2023-06-01,9,255,2,0.0078
2023-06-01,11,255,2,0.0078
2023-06-01,12,255,2,0.0078
2023-06-01,14,255,1,0.0039
2023-06-01,19,255,3,0.0118
2023-06-01,20,255,1,0.0039
2023-06-01,21,255,1,0.0039
2023-06-01,22,255,1,0.0039
2023-06-01,23,255,2,0.0078
2023-06-01,24,255,1,0.0039
2023-06-01,25,255,1,0.0039
2023-06-01,27,255,1,0.0039
2023-06-01,28,255,1,0.0039
2023-06-01,29,255,3,0.0118
2023-06-01,30,255,1,0.0039
2023-06-01,33,255,2,0.0078
2023-06-01,34,255,1,0.0039
2023-06-01,36,255,1,0.0039
2023-06-01,37,255,1,0.0039
2023-07-01,0,279,279,1.0
2023-07-01,1,279,4,0.0143
2023-07-01,2,279,1,0.0036
2023-07-01,6,279,1,0.0036
2023-07-01,7,279,2,0.0072
2023-07-01,8,279,3,0.0108
2023-07-01,9,279,1,0.0036
2023-07-01,12,279,3,0.0108
2023-07-01,15,279,2,0.0072
2023-07-01,18,279,1,0.0036
2023-07-01,19,279,2,0.0072
2023-07-01,21,279,2,0.0072
2023-07-01,24,279,2,0.0072
2023-07-01,29,279,1,0.0036
2023-07-01,30,279,1,0.0036
2023-07-01,31,279,2,0.0072
2023-07-01,32,279,2,0.0072
2023-07-01,34,279,1,0.0036
2023-07-01,35,279,3,0.0108
2023-07-01,36,279,1,0.0036
2023-07-01,37,279,2,0.0072
2023-08-01,0,280,280,1.0
2023-08-01,1,280,7,0.025
2023-08-01,2,280,1,0.0036
2023-08-01,4,280,1,0.0036
2023-08-01,5,280,1,0.0036
2023-08-01,6,280,4,0.0143
2023-08-01,13,280,2,0.0071
2023-08-01,15,280,1,0.0036
2023-08-01,16,280,1,0.0036
2023-08-01,17,280,3,0.0107
2023-08-01,20,280,1,0.0036
2023-08-01,21,280,1,0.0036
2023-08-01,22,280,2,0.0071
2023-08-01,23,280,3,0.0107
2023-08-01,24,280,1,0.0036
2023-08-01,25,280,3,0.0107
2023-08-01,28,280,2,0.0071
2023-08-01,29,280,1,0.0036
2023-08-01,30,280,1,0.0036
2023-08-01,32,280,5,0.0179
2023-08-01,34,280,2,0.0071
2023-08-01,35,280,2,0.0071
2023-09-01,0,302,302,1.0
2023-09-01,1,302,10,0.0331
2023-09-01,2,302,2,0.0066
2023-09-01,3,302,2,0.0066
2023-09-01,5,302,1,0.0033
2023-09-01,6,302,1,0.0033
2023-09-01,7,302,2,0.0066
2023-09-01,8,302,1,0.0033
2023-09-01,9,302,1,0.0033
2023-09-01,10,302,3,0.0099
2023-09-01,11,302,4,0.0132
2023-09-01,13,302,1,0.0033
2023-09-01,14,302,1,0.0033
2023-09-01,16,302,2,0.0066
2023-09-01,18,302,1,0.0033
2023-09-01,19,302,2,0.0066
2023-09-01,20,302,1,0.0033
2023-09-01,21,302,2,0.0066
2023-09-01,23,302,1,0.0033
2023-09-01,24,302,3,0.0099
2023-09-01,25,302,2,0.0066
2023-09-01,27,302,1,0.0033
2023-09-01,28,302,2,0.0066
2023-09-01,29,302,1,0.0033
2023-09-01,30,302,5,0.0166
2023-09-01,31,302,3,0.0099
2023-09-01,32,302,1,0.0033
2023-09-01,33,302,1,0.0033
2023-09-01,34,302,2,0.0066
2023-09-01,35,302,1,0.0033
2023-10-01,0,308,308,1.0
2023-10-01,1,308,7,0.0227
2023-10-01,4,308,1,0.0032
2023-10-01,5,308,1,0.0032
2023-10-01,6,308,2,0.0065
2023-10-01,8,308,1,0.0032
2023-10-01,10,308,1,0.0032
2023-10-01,11,308,3,0.0097
2023-10-01,13,308,1,0.0032
2023-10-01,14,308,2,0.0065
2023-10-01,15,308,1,0.0032
2023-10-01,16,308,2,0.0065
2023-10-01,18,308,2,0.0065
2023-10-01,19,308,2,0.0065
2023-10-01,20,308,1,0.0032
2023-10-01,21,308,3,0.0097
2023-10-01,22,308,1,0.0032
2023-10-01,23,308,2,0.0065
2023-10-01,24,308,2,0.0065
2023-10-01,25,308,3,0.0097
2023-10-01,26,308,3,0.0097
2023-10-01,27,308,1,0.0032
2023-10-01,28,308,2,0.0065
2023-10-01,29,308,2,0.0065
2023-10-01,30,308,2,0.0065
2023-10-01,31,308,1,0.0032
2023-10-01,32,308,2,0.0065
2023-10-01,33,308,1,0.0032
2023-10-01,34,308,1,0.0032
2023-11-01,0,279,279,1.0
2023-11-01,1,279,7,0.0251
2023-11-01,2,279,3,0.0108
2023-11-01,3,279,1,0.0036
2023-11-01,4,279,2,0.0072
2023-11-01,5,279,2,0.0072
2023-11-01,8,279,2,0.0072
2023-11-01,9,279,1,0.0036
2023-11-01,11,279,2,0.0072
2023-11-01,12,279,2,0.0072
2023-11-01,13,279,2,0.0072
2023-11-01,14,279,1,0.0036
2023-11-01,18,279,4,0.0143
2023-11-01,19,279,2,0.0072
2023-11-01,21,279,2,0.0072
2023-11-01,22,279,1,0.0036
2023-11-01,23,279,1,0.0036
2023-11-01,24,279,2,0.0072
2023-11-01,25,279,1,0.0036
2023-11-01,26,279,2,0.0072
2023-11-01,27,279,1,0.0036
2023-11-01,28,279,2,0.0072
2023-11-01,29,279,1,0.0036
2023-11-01,30,279,1,0.0036
2023-11-01,31,279,1,0.0036
2023-11-01,32,279,3,0.0108
2023-12-01,0,312,312,1.0
2023-12-01,1,312,7,0.0224
2023-12-01,2,312,2,0.0064
2023-12-01,3,312,1,0.0032
2023-12-01,4,312,3,0.0096
2023-12-01,5,312,2,0.0064
2023-12-01,6,312,1,0.0032
2023-12-01,7,312,1,0.0032
2023-12-01,8,312,1,0.0032
2023-12-01,9,312,3,0.0096
2023-12-01,13,312,1,0.0032
2023-12-01,14,312,2,0.0064
2023-12-01,15,312,2,0.0064
2023-12-01,16,312,2,0.0064
2023-12-01,17,312,1,0.0032
2023-12-01,22,312,3,0.0096
2023-12-01,23,312,1,0.0032
2023-12-01,24,312,2,0.0064
2023-12-01,25,312,1,0.0032
2023-12-01,26,312,2,0.0064
2023-12-01,27,312,2,0.0064
2023-12-01,28,312,1,0.0032
2023-12-01,29,312,1,0.0032
2023-12-01,30,312,2,0.0064
2023-12-01,31,312,3,0.0096
2024-01-01,0,300,300,1.0
2024-01-01,1,300,11,0.0367
2024-01-01,2,300,2,0.0067
2024-01-01,3,300,3,0.01
2024-01-01,4,300,2,0.0067
2024-01-01,5,300,1,0.0033
2024-01-01,7,300,1,0.0033
2024-01-01,9,300,2,0.0067
2024-01-01,10,300,2,0.0067
2024-01-01,11,300,3,0.01
2024-01-01,12,300,1,0.0033
2024-01-01,13,300,2,0.0067
2024-01-01,14,300,2,0.0067
2024-01-01,15,300,5,0.0167
2024-01-01,16,300,4,0.0133
2024-01-01,18,300,2,0.0067
2024-01-01,19,300,2,0.0067
2024-01-01,20,300,1,0.0033
2024-01-01,21,300,1,0.0033
2024-01-01,24,300,2,0.0067
2024-01-01,26,300,2,0.0067
2024-01-01,27,300,4,0.0133
2024-01-01,29,300,3,0.01
2024-01-01,31,300,2,0.0067
2024-02-01,0,294,294,1.0
2024-02-01,1,294,14,0.0476
2024-02-01,2,294,2,0.0068
2024-02-01,3,294,1,0.0034
2024-02-01,4,294,1,0.0034
2024-02-01,8,294,2,0.0068
2024-02-01,9,294,1,0.0034
2024-02-01,10,294,3,0.0102
2024-02-01,11,294,1,0.0034
2024-02-01,12,294,2,0.0068
2024-02-01,13,294,2,0.0068
2024-02-01,14,294,4,0.0136
2024-02-01,16,294,2,0.0068
2024-02-01,18,294,1,0.0034
2024-02-01,19,294,3,0.0102
2024-02-01,20,294,3,0.0102
2024-02-01,21,294,1,0.0034
2024-02-01,22,294,1,0.0034
2024-02-01,23,294,2,0.0068
2024-02-01,25,294,4,0.0136
2024-02-01,26,294,2,0.0068
2024-02-01,28,294,1,0.0034
2024-02-01,30,294,1,0.0034
2024-03-01,0,342,342,1.0
2024-03-01,1,342,9,0.0263
2024-03-01,2,342,1,0.0029
2024-03-01,3,342,4,0.0117
2024-03-01,4,342,4,0.0117
2024-03-01,5,342,3,0.0088
2024-03-01,6,342,5,0.0146
2024-03-01,7,342,2,0.0058
2024-03-01,8,342,2,0.0058
2024-03-01,10,342,1,0.0029
2024-03-01,13,342,1,0.0029
2024-03-01,14,342,2,0.0058
2024-03-01,15,342,2,0.0058
2024-03-01,16,342,1,0.0029
2024-03-01,17,342,2,0.0058
2024-03-01,18,342,1,0.0029
2024-03-01,19,342,1,0.0029
2024-03-01,20,342,2,0.0058
2024-03-01,22,342,1,0.0029
2024-03-01,23,342,2,0.0058
2024-03-01,24,342,3,0.0088
2024-03-01,25,342,3,0.0088
2024-03-01,26,342,2,0.0058
2024-03-01,28,342,3,0.0088
2024-03-01,29,342,3,0.0088
2024-04-01,0,337,337,1.0
2024-04-01,1,337,17,0.0504
2024-04-01,2,337,3,0.0089
2024-04-01,3,337,3,0.0089
2024-04-01,4,337,1,0.003
2024-04-01,5,337,1,0.003
2024-04-01,6,337,3,0.0089
2024-04-01,7,337,2,0.0059
2024-04-01,8,337,1,0.003
2024-04-01,9,337,2,0.0059
2024-04-01,10,337,1,0.003
2024-04-01,11,337,2,0.0059
2024-04-01,13,337,1,0.003
2024-04-01,14,337,3,0.0089
2024-04-01,16,337,1,0.003
2024-04-01,17,337,4,0.0119
2024-04-01,18,337,1,0.003
2024-04-01,19,337,6,0.0178
2024-04-01,20,337,3,0.0089
2024-04-01,21,337,2,0.0059
2024-04-01,22,337,1,0.003
2024-04-01,23,337,3,0.0089
2024-04-01,25,337,2,0.0059
2024-04-01,26,337,3,0.0089
2024-04-01,27,337,1,0.003
2024-04-01,28,337,2,0.0059
2024-05-01,0,378,378,1.0
2024-05-01,1,378,16,0.0423
2024-05-01,2,378,2,0.0053
2024-05-01,3,378,6,0.0159
2024-05-01,4,378,2,0.0053
2024-05-01,5,378,1,0.0026
2024-05-01,6,378,2,0.0053
2024-05-01,7,378,3,0.0079
2024-05-01,8,378,3,0.0079
2024-05-01,11,378,4,0.0106
2024-05-01,12,378,2,0.0053
2024-05-01,13,378,2,0.0053
2024-05-01,14,378,1,0.0026
2024-05-01,15,378,1,0.0026
2024-05-01,16,378,4,0.0106
2024-05-01,17,378,5,0.0132
2024-05-01,18,378,4,0.0106
2024-05-01,19,378,5,0.0132
2024-05-01,20,378,4,0.0106
2024-05-01,23,378,3,0.0079
2024-05-01,24,378,3,0.0079
2024-05-01,25,378,1,0.0026
2024-05-01,26,378,3,0.0079
2024-05-01,27,378,2,0.0053
2024-06-01,0,359,359,1.0
2024-06-01,1,359,8,0.0223
2024-06-01,2,359,2,0.0056
2024-06-01,3,359,2,0.0056
2024-06-01,4,359,3,0.0084
2024-06-01,5,359,3,0.0084
2024-06-01,7,359,5,0.0139
2024-06-01,8,359,5,0.0139
2024-06-01,9,359,3,0.0084
2024-06-01,10,359,1,0.0028
2024-06-01,11,359,7,0.0195
2024-06-01,12,359,1,0.0028
2024-06-01,13,359,1,0.0028
2024-06-01,14,359,5,0.0139
2024-06-01,15,359,4,0.0111
2024-06-01,16,359,2,0.0056
2024-06-01,17,359,3,0.0084
2024-06-01,19,359,3,0.0084
2024-06-01,20,359,2,0.0056
2024-06-01,21,359,1,0.0028
2024-06-01,22,359,2,0.0056
2024-06-01,23,359,1,0.0028
2024-06-01,24,359,1,0.0028
2024-06-01,25,359,1,0.0028
2024-06-01,26,359,2,0.0056
2024-07-01,0,349,349,1.0
2024-07-01,1,349,6,0.0172
2024-07-01,2,349,1,0.0029
2024-07-01,4,349,6,0.0172
2024-07-01,5,349,2,0.0057
2024-07-01,6,349,5,0.0143
2024-07-01,7,349,2,0.0057
2024-07-01,8,349,1,0.0029
2024-07-01,9,349,2,0.0057
2024-07-01,10,349,3,0.0086
2024-07-01,12,349,4,0.0115
2024-07-01,13,349,1,0.0029
2024-07-01,14,349,1,0.0029
2024-07-01,15,349,2,0.0057
2024-07-01,16,349,5,0.0143
2024-07-01,17,349,3,0.0086
2024-07-01,18,349,2,0.0057
2024-07-01,19,349,1,0.0029
2024-07-01,20,349,1,0.0029
2024-07-01,21,349,4,0.0115
2024-07-01,22,349,2,0.0057
2024-07-01,23,349,3,0.0086
2024-07-01,24,349,2,0.0057
2024-07-01,25,349,1,0.0029
2024-08-01,0,360,360,1.0
2024-08-01,1,360,10,0.0278
2024-08-01,2,360,2,0.0056
2024-08-01,4,360,1,0.0028
2024-08-01,5,360,5,0.0139
2024-08-01,6,360,2,0.0056
2024-08-01,7,360,2,0.0056
2024-08-01,8,360,3,0.0083
2024-08-01,9,360,3,0.0083
2024-08-01,10,360,2,0.0056
2024-08-01,11,360,3,0.0083
2024-08-01,12,360,4,0.0111
2024-08-01,13,360,2,0.0056
2024-08-01,14,360,5,0.0139
2024-08-01,15,360,3,0.0083
2024-08-01,16,360,2,0.0056
2024-08-01,17,360,4,0.0111
2024-08-01,18,360,2,0.0056
2024-08-01,19,360,3,0.0083
2024-08-01,20,360,2,0.0056
2024-08-01,21,360,1,0.0028
2024-08-01,22,360,2,0.0056
2024-08-01,23,360,2,0.0056
2024-08-01,24,360,5,0.0139
2024-09-01,0,359,359,1.0
2024-09-01,1,359,12,0.0334
2024-09-01,2,359,5,0.0139
2024-09-01,3,359,5,0.0139
2024-09-01,5,359,5,0.0139
2024-09-01,6,359,1,0.0028
2024-09-01,8,359,1,0.0028
2024-09-01,9,359,1,0.0028
2024-09-01,10,359,4,0.0111
2024-09-01,11,359,3,0.0084
2024-09-01,13,359,4,0.0111
2024-09-01,14,359,4,0.0111
2024-09-01,15,359,6,0.0167
2024-09-01,16,359,3,0.0084
2024-09-01,17,359,4,0.0111
2024-09-01,18,359,2,0.0056
2024-09-01,19,359,1,0.0028
2024-09-01,20,359,2,0.0056
2024-09-01,22,359,1,0.0028
2024-09-01,23,359,1,0.0028
2024-10-01,0,368,368,1.0
2024-10-01,1,368,7,0.019
2024-10-01,2,368,4,0.0109
2024-10-01,3,368,1,0.0027
2024-10-01,4,368,4,0.0109
2024-10-01,5,368,1,0.0027
2024-10-01,7,368,2,0.0054
2024-10-01,8,368,3,0.0082
2024-10-01,9,368,2,0.0054
2024-10-01,10,368,1,0.0027
2024-10-01,11,368,1,0.0027
2024-10-01,12,368,2,0.0054
2024-10-01,13,368,2,0.0054
2024-10-01,14,368,1,0.0027
2024-10-01,15,368,3,0.0082
2024-10-01,16,368,1,0.0027
2024-10-01,17,368,7,0.019
2024-10-01,18,368,1,0.0027
2024-10-01,19,368,2,0.0054
2024-10-01,20,368,5,0.0136
2024-10-01,21,368,3,0.0082
2024-10-01,22,368,5,0.0136
2024-11-01,0,423,423,1.0
2024-11-01,1,423,12,0.0284
2024-11-01,2,423,1,0.0024
2024-11-01,3,423,5,0.0118
2024-11-01,4,423,3,0.0071
2024-11-01,5,423,5,0.0118
2024-11-01,6,423,2,0.0047
2024-11-01,7,423,2,0.0047
2024-11-01,8,423,2,0.0047
2024-11-01,9,423,2,0.0047
2024-11-01,10,423,4,0.0095
2024-11-01,11,423,5,0.0118
2024-11-01,12,423,1,0.0024
2024-11-01,13,423,5,0.0118
2024-11-01,14,423,2,0.0047
2024-11-01,15,423,1,0.0024
2024-11-01,16,423,4,0.0095
2024-11-01,17,423,2,0.0047
2024-11-01,18,423,3,0.0071
2024-11-01,19,423,1,0.0024
2024-11-01,20,423,2,0.0047
2024-11-01,21,423,4,0.0095
2024-12-01,0,445,445,1.0
2024-12-01,1,445,9,0.0202
2024-12-01,2,445,5,0.0112
2024-12-01,3,445,4,0.009
2024-12-01,4,445,1,0.0022
2024-12-01,5,445,3,0.0067
2024-12-01,6,445,2,0.0045
2024-12-01,7,445,4,0.009
2024-12-01,8,445,4,0.009
2024-12-01,9,445,1,0.0022
2024-12-01,11,445,3,0.0067
2024-12-01,12,445,6,0.0135
2024-12-01,13,445,3,0.0067
2024-12-01,15,445,2,0.0045
2024-12-01,17,445,2,0.0045
2024-12-01,18,445,1,0.0022
2024-12-01,20,445,7,0.0157
2025-01-01,0,469,469,1.0
2025-01-01,1,469,5,0.0107
2025-01-01,2,469,4,0.0085
2025-01-01,3,469,4,0.0085
2025-01-01,4,469,2,0.0043
2025-01-01,5,469,6,0.0128
2025-01-01,6,469,1,0.0021
2025-01-01,7,469,4,0.0085
2025-01-01,8,469,2,0.0043
2025-01-01,9,469,2,0.0043
2025-01-01,10,469,3,0.0064
2025-01-01,11,469,2,0.0043
2025-01-01,12,469,3,0.0064
2025-01-01,13,469,2,0.0043
2025-01-01,14,469,1,0.0021
2025-01-01,15,469,6,0.0128
2025-01-01,16,469,4,0.0085
2025-01-01,17,469,2,0.0043
2025-01-01,18,469,4,0.0085
2025-01-01,19,469,6,0.0128
2025-02-01,0,410,410,1.0
2025-02-01,1,410,10,0.0244
2025-02-01,2,410,2,0.0049
2025-02-01,3,410,4,0.0098
2025-02-01,4,410,2,0.0049
2025-02-01,5,410,2,0.0049
2025-02-01,6,410,3,0.0073
2025-02-01,7,410,2,0.0049
2025-02-01,8,410,1,0.0024
2025-02-01,9,410,1,0.0024
2025-02-01,12,410,2,0.0049
2025-02-01,13,410,4,0.0098
2025-02-01,14,410,2,0.0049
2025-02-01,15,410,3,0.0073
2025-02-01,16,410,6,0.0146
2025-02-01,17,410,2,0.0049
2025-02-01,18,410,1,0.0024
2025-03-01,0,471,471,1.0
2025-03-01,1,471,14,0.0297
2025-03-01,2,471,3,0.0064
2025-03-01,3,471,1,0.0021
2025-03-01,4,471,3,0.0064
2025-03-01,5,471,2,0.0042
2025-03-01,6,471,2,0.0042
2025-03-01,7,471,1,0.0021
2025-03-01,8,471,3,0.0064
2025-03-01,9,471,3,0.0064
2025-03-01,10,471,1,0.0021
2025-03-01,11,471,6,0.0127
2025-03-01,12,471,2,0.0042
2025-03-01,13,471,2,0.0042
2025-03-01,14,471,4,0.0085
2025-03-01,15,471,3,0.0064
2025-03-01,16,471,2,0.0042
2025-03-01,17,471,3,0.0064
2025-04-01,0,467,467,1.0
2025-04-01,1,467,9,0.0193
2025-04-01,2,467,1,0.0021
2025-04-01,3,467,2,0.0043
2025-04-01,4,467,4,0.0086
2025-04-01,5,467,4,0.0086
2025-04-01,6,467,2,0.0043
2025-04-01,8,467,1,0.0021
2025-04-01,9,467,1,0.0021
2025-04-01,10,467,1,0.0021
2025-04-01,11,467,4,0.0086
2025-04-01,12,467,3,0.0064
2025-04-01,13,467,4,0.0086
2025-04-01,14,467,2,0.0043
2025-04-01,15,467,3,0.0064
2025-04-01,16,467,4,0.0086
2025-05-01,0,516,516,1.0
2025-05-01,1,516,11,0.0213
2025-05-01,2,516,2,0.0039
2025-05-01,3,516,7,0.0136
2025-05-01,4,516,6,0.0116
2025-05-01,5,516,2,0.0039
2025-05-01,6,516,7,0.0136
2025-05-01,7,516,4,0.0078
2025-05-01,8,516,4,0.0078
2025-05-01,9,516,4,0.0078
2025-05-01,10,516,4,0.0078
2025-05-01,11,516,1,0.0019
2025-05-01,12,516,4,0.0078
2025-05-01,13,516,9,0.0174
2025-05-01,14,516,4,0.0078
2025-05-01,15,516,6,0.0116
2025-06-01,0,486,486,1.0
2025-06-01,1,486,11,0.0226
2025-06-01,2,486,1,0.0021
2025-06-01,3,486,4,0.0082
2025-06-01,4,486,7,0.0144
2025-06-01,5,486,6,0.0123
2025-06-01,6,486,2,0.0041
2025-06-01,7,486,2,0.0041
2025-06-01,8,486,2,0.0041
2025-06-01,9,486,4,0.0082
2025-06-01,10,486,6,0.0123
2025-06-01,11,486,4,0.0082
2025-06-01,12,486,3,0.0062
2025-06-01,13,486,7,0.0144
2025-06-01,14,486,1,0.0021
2025-07-01,0,531,531,1.0
2025-07-01,1,531,15,0.0282
2025-07-01,2,531,7,0.0132
2025-07-01,3,531,7,0.0132
2025-07-01,4,531,3,0.0056
2025-07-01,5,531,1,0.0019
2025-07-01,6,531,6,0.0113
2025-07-01,7,531,7,0.0132
2025-07-01,8,531,5,0.0094
2025-07-01,9,531,7,0.0132
2025-07-01,10,531,4,0.0075
2025-07-01,11,531,7,0.0132
2025-07-01,12,531,8,0.0151
2025-07-01,13,531,3,0.0056
2025-08-01,0,528,528,1.0
2025-08-01,1,528,13,0.0246
2025-08-01,2,528,6,0.0114
2025-08-01,3,528,5,0.0095
2025-08-01,4,528,6,0.0114
2025-08-01,5,528,6,0.0114
2025-08-01,6,528,6,0.0114
2025-08-01,7,528,6,0.0114
2025-08-01,8,528,4,0.0076
2025-08-01,9,528,3,0.0057
2025-08-01,10,528,5,0.0095
2025-08-01,11,528,3,0.0057
2025-08-01,12,528,3,0.0057
2025-09-01,0,572,572,1.0
2025-09-01,1,572,15,0.0262
2025-09-01,2,572,5,0.0087
2025-09-01,3,572,5,0.0087
2025-09-01,4,572,6,0.0105
2025-09-01,5,572,8,0.014
2025-09-01,6,572,5,0.0087
2025-09-01,7,572,6,0.0105
2025-09-01,8,572,3,0.0052
2025-09-01,9,572,6,0.0105
2025-09-01,10,572,8,0.014
2025-09-01,11,572,6,0.0105
2025-10-01,0,650,650,1.0
2025-10-01,1,650,19,0.0292
2025-10-01,2,650,10,0.0154
2025-10-01,3,650,3,0.0046
2025-10-01,4,650,5,0.0077
2025-10-01,5,650,8,0.0123
2025-10-01,6,650,9,0.0138
2025-10-01,7,650,9,0.0138
2025-10-01,8,650,12,0.0185
2025-10-01,9,650,11,0.0169
2025-10-01,10,650,7,0.0108
2025-11-01,0,619,619,1.0
2025-11-01,1,619,11,0.0178
2025-11-01,2,619,10,0.0162
2025-11-01,3,619,9,0.0145
2025-11-01,4,619,3,0.0048
2025-11-01,5,619,7,0.0113
2025-11-01,6,619,6,0.0097
2025-11-01,7,619,10,0.0162
2025-11-01,8,619,12,0.0194
2025-11-01,9,619,4,0.0065
2025-12-01,0,643,643,1.0
2025-12-01,1,643,26,0.0404
2025-12-01,2,643,5,0.0078
2025-12-01,3,643,11,0.0171
2025-12-01,4,643,5,0.0078
2025-12-01,5,643,8,0.0124
2025-12-01,6,643,7,0.0109
2025-12-01,7,643,8,0.0124
2025-12-01,8,643,2,0.0031
2026-01-01,0,694,694,1.0
2026-01-01,1,694,27,0.0389
2026-01-01,2,694,9,0.013
2026-01-01,3,694,9,0.013
2026-01-01,4,694,8,0.0115
2026-01-01,5,694,1,0.0014
2026-01-01,6,694,13,0.0187
2026-01-01,7,694,8,0.0115
2026-02-01,0,611,611,1.0
2026-02-01,1,611,27,0.0442
2026-02-01,2,611,9,0.0147
2026-02-01,3,611,11,0.018
2026-02-01,4,611,12,0.0196
2026-02-01,5,611,6,0.0098
2026-02-01,6,611,8,0.0131
2026-03-01,0,758,758,1.0
2026-03-01,1,758,24,0.0317
2026-03-01,2,758,16,0.0211
2026-03-01,3,758,17,0.0224
2026-03-01,4,758,14,0.0185
2026-03-01,5,758,12,0.0158
2026-04-01,0,791,791,1.0
2026-04-01,1,791,19,0.024
2026-04-01,2,791,17,0.0215
2026-04-01,3,791,14,0.0177
2026-04-01,4,791,14,0.0177
2026-05-01,0,880,880,1.0
2026-05-01,1,880,32,0.0364
2026-05-01,2,880,11,0.0125
2026-05-01,3,880,17,0.0193
2026-06-01,0,879,879,1.0
2026-06-01,1,879,31,0.0353
2026-06-01,2,879,25,0.0284
2026-07-01,0,1060,1060,1.0
2026-07-01,1,1060,53,0.05
2026-08-01,0,1253,1253,1.0
